profileID,respID,qID,altID,obsID,upfront,lv_2_charger,discount,window,guaranteed
78,1,1,1,1,500,Yes,10,0.5,50
113,1,1,2,1,300,Yes,10,2,50
182,1,2,1,2,300,No,10,2,75
183,1,2,2,2,500,No,10,2,75
40,1,3,1,3,100,Yes,10,2,25
175,1,3,2,3,100,No,50,1,75
178,1,4,1,4,100,Yes,50,1,75
191,1,4,2,4,300,Yes,25,2,75
185,1,5,1,5,300,Yes,10,2,75
127,1,5,2,5,100,No,10,4,50
74,2,1,1,6,300,No,10,0.5,50
202,2,1,2,6,100,Yes,10,4,75
153,2,2,1,7,500,No,25,0.5,75
46,2,2,2,7,100,Yes,25,2,25
124,2,3,1,8,100,Yes,50,2,50
105,2,3,2,8,500,No,50,1,50
38,2,4,1,9,300,No,10,2,25
104,2,4,2,9,300,No,50,1,50
97,2,5,1,10,100,No,25,1,50
206,2,5,2,10,300,No,25,4,75
80,3,1,1,11,300,No,25,0.5,50
94,3,1,2,11,100,Yes,10,1,50
193,3,2,1,12,100,No,50,2,75
31,3,2,2,12,100,No,50,1,25
177,3,3,1,13,500,No,50,1,75
115,3,3,2,13,100,No,25,2,50
216,3,4,1,14,500,Yes,50,4,75
16,3,4,2,14,100,Yes,50,0.5,25
206,3,5,1,15,300,No,25,4,75
106,3,5,2,15,100,Yes,50,1,50
30,4,1,1,16,500,Yes,25,1,25
49,4,1,2,16,100,No,50,2,25
177,4,2,1,17,500,No,50,1,75
146,4,2,2,17,300,No,10,0.5,75
102,4,3,1,18,500,Yes,25,1,50
167,4,3,2,18,300,Yes,10,1,75
6,4,4,1,19,500,Yes,10,0.5,25
136,4,4,2,19,100,Yes,25,4,50
79,4,5,1,20,100,No,25,0.5,50
144,4,5,2,20,500,Yes,50,4,50
199,5,1,1,21,100,No,10,4,75
3,5,1,2,21,500,No,10,0.5,25
112,5,2,1,22,100,Yes,10,2,50
10,5,2,2,22,100,Yes,25,0.5,25
72,5,3,1,23,500,Yes,50,4,25
208,5,3,2,23,100,Yes,25,4,75
73,5,4,1,24,100,No,10,0.5,50
135,5,4,2,24,500,No,25,4,50
10,5,5,1,25,100,Yes,25,0.5,25
55,5,5,2,25,100,No,10,4,25
60,6,1,1,26,500,Yes,10,4,25
90,6,1,2,26,500,Yes,50,0.5,50
90,6,2,1,27,500,Yes,50,0.5,50
81,6,2,2,27,500,No,25,0.5,50
151,6,3,1,28,100,No,25,0.5,75
77,6,3,2,28,300,Yes,10,0.5,50
68,6,4,1,29,300,No,50,4,25
22,6,4,2,29,100,Yes,10,1,25
153,6,5,1,30,500,No,25,0.5,75
11,6,5,2,30,300,Yes,25,0.5,25
141,7,1,1,31,500,No,50,4,50
137,7,1,2,31,300,Yes,25,4,50
32,7,2,1,32,300,No,50,1,25
140,7,2,2,32,300,No,50,4,50
146,7,3,1,33,300,No,10,0.5,75
201,7,3,2,33,500,No,10,4,75
71,7,4,1,34,300,Yes,50,4,25
200,7,4,2,34,300,No,10,4,75
50,7,5,1,35,300,No,50,2,25
95,7,5,2,35,300,Yes,10,1,50
45,8,1,1,36,500,No,25,2,25
73,8,1,2,36,100,No,10,0.5,50
154,8,2,1,37,100,Yes,25,0.5,75
210,8,2,2,37,500,Yes,25,4,75
133,8,3,1,38,100,No,25,4,50
136,8,3,2,38,100,Yes,25,4,50
211,8,4,1,39,100,No,50,4,75
162,8,4,2,39,500,Yes,50,0.5,75
3,8,5,1,40,500,No,10,0.5,25
159,8,5,2,40,500,No,50,0.5,75
79,9,1,1,41,100,No,25,0.5,50
155,9,1,2,41,300,Yes,25,0.5,75
106,9,2,1,42,100,Yes,50,1,50
147,9,2,2,42,500,No,10,0.5,75
164,9,3,1,43,300,No,10,1,75
155,9,3,2,43,300,Yes,25,0.5,75
27,9,4,1,44,500,No,25,1,25
185,9,4,2,44,300,Yes,10,2,75
8,9,5,1,45,300,No,25,0.5,25
105,9,5,2,45,500,No,50,1,50
142,10,1,1,46,100,Yes,50,4,50
56,10,1,2,46,300,No,10,4,25
186,10,2,1,47,500,Yes,10,2,75
138,10,2,2,47,500,Yes,25,4,50
156,10,3,1,48,500,Yes,25,0.5,75
83,10,3,2,48,300,Yes,25,0.5,50
90,10,4,1,49,500,Yes,50,0.5,50
35,10,4,2,49,300,Yes,50,1,25
44,10,5,1,50,300,No,25,2,25
191,10,5,2,50,300,Yes,25,2,75
63,11,1,1,51,500,No,25,4,25
126,11,1,2,51,500,Yes,50,2,50
83,11,2,1,52,300,Yes,25,0.5,50
39,11,2,2,52,500,No,10,2,25
30,11,3,1,53,500,Yes,25,1,25
197,11,3,2,53,300,Yes,50,2,75
130,11,4,1,54,100,Yes,10,4,50
37,11,4,2,54,100,No,10,2,25
159,11,5,1,55,500,No,50,0.5,75
91,11,5,2,55,100,No,10,1,50
164,12,1,1,56,300,No,10,1,75
40,12,1,2,56,100,Yes,10,2,25
65,12,2,1,57,300,Yes,25,4,25
10,12,2,2,57,100,Yes,25,0.5,25
102,12,3,1,58,500,Yes,25,1,50
76,12,3,2,58,100,Yes,10,0.5,50
22,12,4,1,59,100,Yes,10,1,25
23,12,4,2,59,300,Yes,10,1,25
2,12,5,1,60,300,No,10,0.5,25
39,12,5,2,60,500,No,10,2,25
17,13,1,1,61,300,Yes,50,0.5,25
186,13,1,2,61,500,Yes,10,2,75
107,13,2,1,62,300,Yes,50,1,50
187,13,2,2,62,100,No,25,2,75
58,13,3,1,63,100,Yes,10,4,25
16,13,3,2,63,100,Yes,50,0.5,25
49,13,4,1,64,100,No,50,2,25
202,13,4,2,64,100,Yes,10,4,75
67,13,5,1,65,100,No,50,4,25
134,13,5,2,65,300,No,25,4,50
99,14,1,1,66,500,No,25,1,50
138,14,1,2,66,500,Yes,25,4,50
35,14,2,1,67,300,Yes,50,1,25
26,14,2,2,67,300,No,25,1,25
78,14,3,1,68,500,Yes,10,0.5,50
6,14,3,2,68,500,Yes,10,0.5,25
14,14,4,1,69,300,No,50,0.5,25
212,14,4,2,69,300,No,50,4,75
89,14,5,1,70,300,Yes,50,0.5,50
56,14,5,2,70,300,No,10,4,25
87,15,1,1,71,500,No,50,0.5,50
54,15,1,2,71,500,Yes,50,2,25
78,15,2,1,72,500,Yes,10,0.5,50
153,15,2,2,72,500,No,25,0.5,75
114,15,3,1,73,500,Yes,10,2,50
88,15,3,2,73,100,Yes,50,0.5,50
9,15,4,1,74,500,No,25,0.5,25
117,15,4,2,74,500,No,25,2,50
6,15,5,1,75,500,Yes,10,0.5,25
76,15,5,2,75,100,Yes,10,0.5,50
153,16,1,1,76,500,No,25,0.5,75
142,16,1,2,76,100,Yes,50,4,50
95,16,2,1,77,300,Yes,10,1,50
36,16,2,2,77,500,Yes,50,1,25
168,16,3,1,78,500,Yes,10,1,75
199,16,3,2,78,100,No,10,4,75
41,16,4,1,79,300,Yes,10,2,25
144,16,4,2,79,500,Yes,50,4,50
55,16,5,1,80,100,No,10,4,25
137,16,5,2,80,300,Yes,25,4,50
49,17,1,1,81,100,No,50,2,25
197,17,1,2,81,300,Yes,50,2,75
41,17,2,1,82,300,Yes,10,2,25
185,17,2,2,82,300,Yes,10,2,75
37,17,3,1,83,100,No,10,2,25
68,17,3,2,83,300,No,50,4,25
138,17,4,1,84,500,Yes,25,4,50
33,17,4,2,84,500,No,50,1,25
116,17,5,1,85,300,No,25,2,50
25,17,5,2,85,100,No,25,1,25
163,18,1,1,86,100,No,10,1,75
81,18,1,2,86,500,No,25,0.5,50
146,18,2,1,87,300,No,10,0.5,75
22,18,2,2,87,100,Yes,10,1,25
206,18,3,1,88,300,No,25,4,75
94,18,3,2,88,100,Yes,10,1,50
125,18,4,1,89,300,Yes,50,2,50
83,18,4,2,89,300,Yes,25,0.5,50
131,18,5,1,90,300,Yes,10,4,50
5,18,5,2,90,300,Yes,10,0.5,25
152,19,1,1,91,300,No,25,0.5,75
98,19,1,2,91,300,No,25,1,50
82,19,2,1,92,100,Yes,25,0.5,50
171,19,2,2,92,500,No,25,1,75
153,19,3,1,93,500,No,25,0.5,75
115,19,3,2,93,100,No,25,2,50
104,19,4,1,94,300,No,50,1,50
64,19,4,2,94,100,Yes,25,4,25
5,19,5,1,95,300,Yes,10,0.5,25
193,19,5,2,95,100,No,50,2,75
162,20,1,1,96,500,Yes,50,0.5,75
89,20,1,2,96,300,Yes,50,0.5,50
171,20,2,1,97,500,No,25,1,75
198,20,2,2,97,500,Yes,50,2,75
205,20,3,1,98,100,No,25,4,75
162,20,3,2,98,500,Yes,50,0.5,75
116,20,4,1,99,300,No,25,2,50
95,20,4,2,99,300,Yes,10,1,50
186,20,5,1,100,500,Yes,10,2,75
151,20,5,2,100,100,No,25,0.5,75
211,21,1,1,101,100,No,50,4,75
87,21,1,2,101,500,No,50,0.5,50
108,21,2,1,102,500,Yes,50,1,50
75,21,2,2,102,500,No,10,0.5,50
156,21,3,1,103,500,Yes,25,0.5,75
76,21,3,2,103,100,Yes,10,0.5,50
109,21,4,1,104,100,No,10,2,50
40,21,4,2,104,100,Yes,10,2,25
93,21,5,1,105,500,No,10,1,50
118,21,5,2,105,100,Yes,25,2,50
183,22,1,1,106,500,No,10,2,75
52,22,1,2,106,100,Yes,50,2,25
116,22,2,1,107,300,No,25,2,50
48,22,2,2,107,500,Yes,25,2,25
179,22,3,1,108,300,Yes,50,1,75
17,22,3,2,108,300,Yes,50,0.5,25
145,22,4,1,109,100,No,10,0.5,75
136,22,4,2,109,100,Yes,25,4,50
63,22,5,1,110,500,No,25,4,25
157,22,5,2,110,100,No,50,0.5,75
57,23,1,1,111,500,No,10,4,25
202,23,1,2,111,100,Yes,10,4,75
32,23,2,1,112,300,No,50,1,25
109,23,2,2,112,100,No,10,2,50
78,23,3,1,113,500,Yes,10,0.5,50
71,23,3,2,113,300,Yes,50,4,25
27,23,4,1,114,500,No,25,1,25
85,23,4,2,114,100,No,50,0.5,50
95,23,5,1,115,300,Yes,10,1,50
56,23,5,2,115,300,No,10,4,25
112,24,1,1,116,100,Yes,10,2,50
43,24,1,2,116,100,No,25,2,25
32,24,2,1,117,300,No,50,1,25
49,24,2,2,117,100,No,50,2,25
162,24,3,1,118,500,Yes,50,0.5,75
140,24,3,2,118,300,No,50,4,50
132,24,4,1,119,500,Yes,10,4,50
21,24,4,2,119,500,No,10,1,25
9,24,5,1,120,500,No,25,0.5,25
24,24,5,2,120,500,Yes,10,1,25
183,25,1,1,121,500,No,10,2,75
93,25,1,2,121,500,No,10,1,50
74,25,2,1,122,300,No,10,0.5,50
71,25,2,2,122,300,Yes,50,4,25
195,25,3,1,123,500,No,50,2,75
47,25,3,2,123,300,Yes,25,2,25
96,25,4,1,124,500,Yes,10,1,50
189,25,4,2,124,500,No,25,2,75
36,25,5,1,125,500,Yes,50,1,25
3,25,5,2,125,500,No,10,0.5,25
32,26,1,1,126,300,No,50,1,25
3,26,1,2,126,500,No,10,0.5,25
97,26,2,1,127,100,No,25,1,50
216,26,2,2,127,500,Yes,50,4,75
184,26,3,1,128,100,Yes,10,2,75
71,26,3,2,128,300,Yes,50,4,25
32,26,4,1,129,300,No,50,1,25
76,26,4,2,129,100,Yes,10,0.5,50
55,26,5,1,130,100,No,10,4,25
46,26,5,2,130,100,Yes,25,2,25
81,27,1,1,131,500,No,25,0.5,50
149,27,1,2,131,300,Yes,10,0.5,75
189,27,2,1,132,500,No,25,2,75
151,27,2,2,132,100,No,25,0.5,75
29,27,3,1,133,300,Yes,25,1,25
52,27,3,2,133,100,Yes,50,2,25
95,27,4,1,134,300,Yes,10,1,50
83,27,4,2,134,300,Yes,25,0.5,50
162,27,5,1,135,500,Yes,50,0.5,75
130,27,5,2,135,100,Yes,10,4,50
122,28,1,1,136,300,No,50,2,50
93,28,1,2,136,500,No,10,1,50
211,28,2,1,137,100,No,50,4,75
177,28,2,2,137,500,No,50,1,75
131,28,3,1,138,300,Yes,10,4,50
111,28,3,2,138,500,No,10,2,50
166,28,4,1,139,100,Yes,10,1,75
51,28,4,2,139,500,No,50,2,25
105,28,5,1,140,500,No,50,1,50
81,28,5,2,140,500,No,25,0.5,50
213,29,1,1,141,500,No,50,4,75
53,29,1,2,141,300,Yes,50,2,25
113,29,2,1,142,300,Yes,10,2,50
103,29,2,2,142,100,No,50,1,50
152,29,3,1,143,300,No,25,0.5,75
35,29,3,2,143,300,Yes,50,1,25
91,29,4,1,144,100,No,10,1,50
25,29,4,2,144,100,No,25,1,25
78,29,5,1,145,500,Yes,10,0.5,50
9,29,5,2,145,500,No,25,0.5,25
176,30,1,1,146,300,No,50,1,75
192,30,1,2,146,500,Yes,25,2,75
215,30,2,1,147,300,Yes,50,4,75
181,30,2,2,147,100,No,10,2,75
144,30,3,1,148,500,Yes,50,4,50
153,30,3,2,148,500,No,25,0.5,75
40,30,4,1,149,100,Yes,10,2,25
123,30,4,2,149,500,No,50,2,50
172,30,5,1,150,100,Yes,25,1,75
116,30,5,2,150,300,No,25,2,50
216,31,1,1,151,500,Yes,50,4,75
208,31,1,2,151,100,Yes,25,4,75
205,31,2,1,152,100,No,25,4,75
178,31,2,2,152,100,Yes,50,1,75
81,31,3,1,153,500,No,25,0.5,50
40,31,3,2,153,100,Yes,10,2,25
181,31,4,1,154,100,No,10,2,75
77,31,4,2,154,300,Yes,10,0.5,50
213,31,5,1,155,500,No,50,4,75
175,31,5,2,155,100,No,50,1,75
65,32,1,1,156,300,Yes,25,4,25
60,32,1,2,156,500,Yes,10,4,25
43,32,2,1,157,100,No,25,2,25
13,32,2,2,157,100,No,50,0.5,25
179,32,3,1,158,300,Yes,50,1,75
33,32,3,2,158,500,No,50,1,25
155,32,4,1,159,300,Yes,25,0.5,75
167,32,4,2,159,300,Yes,10,1,75
165,32,5,1,160,500,No,10,1,75
6,32,5,2,160,500,Yes,10,0.5,25
212,33,1,1,161,300,No,50,4,75
83,33,1,2,161,300,Yes,25,0.5,50
180,33,2,1,162,500,Yes,50,1,75
77,33,2,2,162,300,Yes,10,0.5,50
136,33,3,1,163,100,Yes,25,4,50
113,33,3,2,163,300,Yes,10,2,50
150,33,4,1,164,500,Yes,10,0.5,75
11,33,4,2,164,300,Yes,25,0.5,25
192,33,5,1,165,500,Yes,25,2,75
72,33,5,2,165,500,Yes,50,4,25
81,34,1,1,166,500,No,25,0.5,50
200,34,1,2,166,300,No,10,4,75
171,34,2,1,167,500,No,25,1,75
45,34,2,2,167,500,No,25,2,25
204,34,3,1,168,500,Yes,10,4,75
53,34,3,2,168,300,Yes,50,2,25
50,34,4,1,169,300,No,50,2,25
4,34,4,2,169,100,Yes,10,0.5,25
191,34,5,1,170,300,Yes,25,2,75
5,34,5,2,170,300,Yes,10,0.5,25
63,35,1,1,171,500,No,25,4,25
111,35,1,2,171,500,No,10,2,50
160,35,2,1,172,100,Yes,50,0.5,75
5,35,2,2,172,300,Yes,10,0.5,25
119,35,3,1,173,300,Yes,25,2,50
42,35,3,2,173,500,Yes,10,2,25
205,35,4,1,174,100,No,25,4,75
169,35,4,2,174,100,No,25,1,75
91,35,5,1,175,100,No,10,1,50
10,35,5,2,175,100,Yes,25,0.5,25
160,36,1,1,176,100,Yes,50,0.5,75
166,36,1,2,176,100,Yes,10,1,75
18,36,2,1,177,500,Yes,50,0.5,25
172,36,2,2,177,100,Yes,25,1,75
135,36,3,1,178,500,No,25,4,50
77,36,3,2,178,300,Yes,10,0.5,50
2,36,4,1,179,300,No,10,0.5,25
104,36,4,2,179,300,No,50,1,50
11,36,5,1,180,300,Yes,25,0.5,25
131,36,5,2,180,300,Yes,10,4,50
205,37,1,1,181,100,No,25,4,75
53,37,1,2,181,300,Yes,50,2,25
102,37,2,1,182,500,Yes,25,1,50
1,37,2,2,182,100,No,10,0.5,25
77,37,3,1,183,300,Yes,10,0.5,50
151,37,3,2,183,100,No,25,0.5,75
177,37,4,1,184,500,No,50,1,75
99,37,4,2,184,500,No,25,1,50
96,37,5,1,185,500,Yes,10,1,50
62,37,5,2,185,300,No,25,4,25
42,38,1,1,186,500,Yes,10,2,25
91,38,1,2,186,100,No,10,1,50
156,38,2,1,187,500,Yes,25,0.5,75
177,38,2,2,187,500,No,50,1,75
6,38,3,1,188,500,Yes,10,0.5,25
101,38,3,2,188,300,Yes,25,1,50
129,38,4,1,189,500,No,10,4,50
136,38,4,2,189,100,Yes,25,4,50
118,38,5,1,190,100,Yes,25,2,50
80,38,5,2,190,300,No,25,0.5,50
84,39,1,1,191,500,Yes,25,0.5,50
110,39,1,2,191,300,No,10,2,50
53,39,2,1,192,300,Yes,50,2,25
35,39,2,2,192,300,Yes,50,1,25
58,39,3,1,193,100,Yes,10,4,25
5,39,3,2,193,300,Yes,10,0.5,25
70,39,4,1,194,100,Yes,50,4,25
27,39,4,2,194,500,No,25,1,25
126,39,5,1,195,500,Yes,50,2,50
140,39,5,2,195,300,No,50,4,50
194,40,1,1,196,300,No,50,2,75
166,40,1,2,196,100,Yes,10,1,75
104,40,2,1,197,300,No,50,1,50
185,40,2,2,197,300,Yes,10,2,75
79,40,3,1,198,100,No,25,0.5,50
27,40,3,2,198,500,No,25,1,25
14,40,4,1,199,300,No,50,0.5,25
179,40,4,2,199,300,Yes,50,1,75
171,40,5,1,200,500,No,25,1,75
186,40,5,2,200,500,Yes,10,2,75
68,41,1,1,201,300,No,50,4,25
117,41,1,2,201,500,No,25,2,50
191,41,2,1,202,300,Yes,25,2,75
12,41,2,2,202,500,Yes,25,0.5,25
40,41,3,1,203,100,Yes,10,2,25
196,41,3,2,203,100,Yes,50,2,75
16,41,4,1,204,100,Yes,50,0.5,25
144,41,4,2,204,500,Yes,50,4,50
17,41,5,1,205,300,Yes,50,0.5,25
183,41,5,2,205,500,No,10,2,75
142,42,1,1,206,100,Yes,50,4,50
42,42,1,2,206,500,Yes,10,2,25
63,42,2,1,207,500,No,25,4,25
80,42,2,2,207,300,No,25,0.5,50
57,42,3,1,208,500,No,10,4,25
124,42,3,2,208,100,Yes,50,2,50
20,42,4,1,209,300,No,10,1,25
163,42,4,2,209,100,No,10,1,75
95,42,5,1,210,300,Yes,10,1,50
187,42,5,2,210,100,No,25,2,75
86,43,1,1,211,300,No,50,0.5,50
21,43,1,2,211,500,No,10,1,25
131,43,2,1,212,300,Yes,10,4,50
48,43,2,2,212,500,Yes,25,2,25
4,43,3,1,213,100,Yes,10,0.5,25
85,43,3,2,213,100,No,50,0.5,50
96,43,4,1,214,500,Yes,10,1,50
104,43,4,2,214,300,No,50,1,50
83,43,5,1,215,300,Yes,25,0.5,50
100,43,5,2,215,100,Yes,25,1,50
39,44,1,1,216,500,No,10,2,25
128,44,1,2,216,300,No,10,4,50
63,44,2,1,217,500,No,25,4,25
42,44,2,2,217,500,Yes,10,2,25
103,44,3,1,218,100,No,50,1,50
64,44,3,2,218,100,Yes,25,4,25
134,44,4,1,219,300,No,25,4,50
87,44,4,2,219,500,No,50,0.5,50
32,44,5,1,220,300,No,50,1,25
29,44,5,2,220,300,Yes,25,1,25
127,45,1,1,221,100,No,10,4,50
98,45,1,2,221,300,No,25,1,50
92,45,2,1,222,300,No,10,1,50
45,45,2,2,222,500,No,25,2,25
104,45,3,1,223,300,No,50,1,50
33,45,3,2,223,500,No,50,1,25
1,45,4,1,224,100,No,10,0.5,25
4,45,4,2,224,100,Yes,10,0.5,25
73,45,5,1,225,100,No,10,0.5,50
136,45,5,2,225,100,Yes,25,4,50
98,46,1,1,226,300,No,25,1,50
137,46,1,2,226,300,Yes,25,4,50
179,46,2,1,227,300,Yes,50,1,75
210,46,2,2,227,500,Yes,25,4,75
25,46,3,1,228,100,No,25,1,25
5,46,3,2,228,300,Yes,10,0.5,25
204,46,4,1,229,500,Yes,10,4,75
10,46,4,2,229,100,Yes,25,0.5,25
38,46,5,1,230,300,No,10,2,25
63,46,5,2,230,500,No,25,4,25
123,47,1,1,231,500,No,50,2,50
216,47,1,2,231,500,Yes,50,4,75
6,47,2,1,232,500,Yes,10,0.5,25
33,47,2,2,232,500,No,50,1,25
97,47,3,1,233,100,No,25,1,50
158,47,3,2,233,300,No,50,0.5,75
143,47,4,1,234,300,Yes,50,4,50
139,47,4,2,234,100,No,50,4,50
104,47,5,1,235,300,No,50,1,50
167,47,5,2,235,300,Yes,10,1,75
58,48,1,1,236,100,Yes,10,4,25
82,48,1,2,236,100,Yes,25,0.5,50
12,48,2,1,237,500,Yes,25,0.5,25
47,48,2,2,237,300,Yes,25,2,25
40,48,3,1,238,100,Yes,10,2,25
104,48,3,2,238,300,No,50,1,50
168,48,4,1,239,500,Yes,10,1,75
135,48,4,2,239,500,No,25,4,50
97,48,5,1,240,100,No,25,1,50
184,48,5,2,240,100,Yes,10,2,75
4,49,1,1,241,100,Yes,10,0.5,25
96,49,1,2,241,500,Yes,10,1,50
185,49,2,1,242,300,Yes,10,2,75
108,49,2,2,242,500,Yes,50,1,50
163,49,3,1,243,100,No,10,1,75
115,49,3,2,243,100,No,25,2,50
209,49,4,1,244,300,Yes,25,4,75
142,49,4,2,244,100,Yes,50,4,50
154,49,5,1,245,100,Yes,25,0.5,75
65,49,5,2,245,300,Yes,25,4,25
122,50,1,1,246,300,No,50,2,50
100,50,1,2,246,100,Yes,25,1,50
212,50,2,1,247,300,No,50,4,75
55,50,2,2,247,100,No,10,4,25
118,50,3,1,248,100,Yes,25,2,50
53,50,3,2,248,300,Yes,50,2,25
9,50,4,1,249,500,No,25,0.5,25
1,50,4,2,249,100,No,10,0.5,25
107,50,5,1,250,300,Yes,50,1,50
124,50,5,2,250,100,Yes,50,2,50
60,51,1,1,251,500,Yes,10,4,25
22,51,1,2,251,100,Yes,10,1,25
53,51,2,1,252,300,Yes,50,2,25
166,51,2,2,252,100,Yes,10,1,75
172,51,3,1,253,100,Yes,25,1,75
164,51,3,2,253,300,No,10,1,75
137,51,4,1,254,300,Yes,25,4,50
210,51,4,2,254,500,Yes,25,4,75
110,51,5,1,255,300,No,10,2,50
31,51,5,2,255,100,No,50,1,25
44,52,1,1,256,300,No,25,2,25
67,52,1,2,256,100,No,50,4,25
124,52,2,1,257,100,Yes,50,2,50
112,52,2,2,257,100,Yes,10,2,50
159,52,3,1,258,500,No,50,0.5,75
116,52,3,2,258,300,No,25,2,50
57,52,4,1,259,500,No,10,4,25
198,52,4,2,259,500,Yes,50,2,75
137,52,5,1,260,300,Yes,25,4,50
171,52,5,2,260,500,No,25,1,75
62,53,1,1,261,300,No,25,4,25
161,53,1,2,261,300,Yes,50,0.5,75
166,53,2,1,262,100,Yes,10,1,75
172,53,2,2,262,100,Yes,25,1,75
142,53,3,1,263,100,Yes,50,4,50
128,53,3,2,263,300,No,10,4,50
81,53,4,1,264,500,No,25,0.5,50
17,53,4,2,264,300,Yes,50,0.5,25
193,53,5,1,265,100,No,50,2,75
120,53,5,2,265,500,Yes,25,2,50
30,54,1,1,266,500,Yes,25,1,25
197,54,1,2,266,300,Yes,50,2,75
66,54,2,1,267,500,Yes,25,4,25
176,54,2,2,267,300,No,50,1,75
108,54,3,1,268,500,Yes,50,1,50
158,54,3,2,268,300,No,50,0.5,75
31,54,4,1,269,100,No,50,1,25
209,54,4,2,269,300,Yes,25,4,75
14,54,5,1,270,300,No,50,0.5,25
129,54,5,2,270,500,No,10,4,50
206,55,1,1,271,300,No,25,4,75
135,55,1,2,271,500,No,25,4,50
151,55,2,1,272,100,No,25,0.5,75
166,55,2,2,272,100,Yes,10,1,75
45,55,3,1,273,500,No,25,2,25
73,55,3,2,273,100,No,10,0.5,50
160,55,4,1,274,100,Yes,50,0.5,75
28,55,4,2,274,100,Yes,25,1,25
213,55,5,1,275,500,No,50,4,75
13,55,5,2,275,100,No,50,0.5,25
32,56,1,1,276,300,No,50,1,25
20,56,1,2,276,300,No,10,1,25
62,56,2,1,277,300,No,25,4,25
100,56,2,2,277,100,Yes,25,1,50
103,56,3,1,278,100,No,50,1,50
201,56,3,2,278,500,No,10,4,75
181,56,4,1,279,100,No,10,2,75
211,56,4,2,279,100,No,50,4,75
52,56,5,1,280,100,Yes,50,2,25
149,56,5,2,280,300,Yes,10,0.5,75
53,57,1,1,281,300,Yes,50,2,25
56,57,1,2,281,300,No,10,4,25
11,57,2,1,282,300,Yes,25,0.5,25
200,57,2,2,282,300,No,10,4,75
93,57,3,1,283,500,No,10,1,50
205,57,3,2,283,100,No,25,4,75
135,57,4,1,284,500,No,25,4,50
54,57,4,2,284,500,Yes,50,2,25
32,57,5,1,285,300,No,50,1,25
146,57,5,2,285,300,No,10,0.5,75
31,58,1,1,286,100,No,50,1,25
102,58,1,2,286,500,Yes,25,1,50
154,58,2,1,287,100,Yes,25,0.5,75
119,58,2,2,287,300,Yes,25,2,50
63,58,3,1,288,500,No,25,4,25
30,58,3,2,288,500,Yes,25,1,25
208,58,4,1,289,100,Yes,25,4,75
77,58,4,2,289,300,Yes,10,0.5,50
65,58,5,1,290,300,Yes,25,4,25
17,58,5,2,290,300,Yes,50,0.5,25
6,59,1,1,291,500,Yes,10,0.5,25
25,59,1,2,291,100,No,25,1,25
116,59,2,1,292,300,No,25,2,50
46,59,2,2,292,100,Yes,25,2,25
6,59,3,1,293,500,Yes,10,0.5,25
58,59,3,2,293,100,Yes,10,4,25
211,59,4,1,294,100,No,50,4,75
72,59,4,2,294,500,Yes,50,4,25
9,59,5,1,295,500,No,25,0.5,25
115,59,5,2,295,100,No,25,2,50
95,60,1,1,296,300,Yes,10,1,50
74,60,1,2,296,300,No,10,0.5,50
11,60,2,1,297,300,Yes,25,0.5,25
109,60,2,2,297,100,No,10,2,50
204,60,3,1,298,500,Yes,10,4,75
7,60,3,2,298,100,No,25,0.5,25
167,60,4,1,299,300,Yes,10,1,75
200,60,4,2,299,300,No,10,4,75
1,60,5,1,300,100,No,10,0.5,25
64,60,5,2,300,100,Yes,25,4,25
82,61,1,1,301,100,Yes,25,0.5,50
154,61,1,2,301,100,Yes,25,0.5,75
106,61,2,1,302,100,Yes,50,1,50
53,61,2,2,302,300,Yes,50,2,25
182,61,3,1,303,300,No,10,2,75
39,61,3,2,303,500,No,10,2,25
92,61,4,1,304,300,No,10,1,50
216,61,4,2,304,500,Yes,50,4,75
164,61,5,1,305,300,No,10,1,75
203,61,5,2,305,300,Yes,10,4,75
146,62,1,1,306,300,No,10,0.5,75
211,62,1,2,306,100,No,50,4,75
184,62,2,1,307,100,Yes,10,2,75
96,62,2,2,307,500,Yes,10,1,50
93,62,3,1,308,500,No,10,1,50
116,62,3,2,308,300,No,25,2,50
48,62,4,1,309,500,Yes,25,2,25
93,62,4,2,309,500,No,10,1,50
103,62,5,1,310,100,No,50,1,50
106,62,5,2,310,100,Yes,50,1,50
178,63,1,1,311,100,Yes,50,1,75
122,63,1,2,311,300,No,50,2,50
2,63,2,1,312,300,No,10,0.5,25
25,63,2,2,312,100,No,25,1,25
148,63,3,1,313,100,Yes,10,0.5,75
214,63,3,2,313,100,Yes,50,4,75
212,63,4,1,314,300,No,50,4,75
150,63,4,2,314,500,Yes,10,0.5,75
158,63,5,1,315,300,No,50,0.5,75
163,63,5,2,315,100,No,10,1,75
47,64,1,1,316,300,Yes,25,2,25
26,64,1,2,316,300,No,25,1,25
53,64,2,1,317,300,Yes,50,2,25
186,64,2,2,317,500,Yes,10,2,75
206,64,3,1,318,300,No,25,4,75
8,64,3,2,318,300,No,25,0.5,25
69,64,4,1,319,500,No,50,4,25
163,64,4,2,319,100,No,10,1,75
44,64,5,1,320,300,No,25,2,25
11,64,5,2,320,300,Yes,25,0.5,25
200,65,1,1,321,300,No,10,4,75
159,65,1,2,321,500,No,50,0.5,75
198,65,2,1,322,500,Yes,50,2,75
96,65,2,2,322,500,Yes,10,1,50
200,65,3,1,323,300,No,10,4,75
58,65,3,2,323,100,Yes,10,4,25
100,65,4,1,324,100,Yes,25,1,50
23,65,4,2,324,300,Yes,10,1,25
70,65,5,1,325,100,Yes,50,4,25
165,65,5,2,325,500,No,10,1,75
92,66,1,1,326,300,No,10,1,50
42,66,1,2,326,500,Yes,10,2,25
51,66,2,1,327,500,No,50,2,25
109,66,2,2,327,100,No,10,2,50
174,66,3,1,328,500,Yes,25,1,75
127,66,3,2,328,100,No,10,4,50
102,66,4,1,329,500,Yes,25,1,50
185,66,4,2,329,300,Yes,10,2,75
81,66,5,1,330,500,No,25,0.5,50
30,66,5,2,330,500,Yes,25,1,25
83,67,1,1,331,300,Yes,25,0.5,50
35,67,1,2,331,300,Yes,50,1,25
123,67,2,1,332,500,No,50,2,50
159,67,2,2,332,500,No,50,0.5,75
109,67,3,1,333,100,No,10,2,50
86,67,3,2,333,300,No,50,0.5,50
122,67,4,1,334,300,No,50,2,50
53,67,4,2,334,300,Yes,50,2,25
216,67,5,1,335,500,Yes,50,4,75
78,67,5,2,335,500,Yes,10,0.5,50
60,68,1,1,336,500,Yes,10,4,25
69,68,1,2,336,500,No,50,4,25
51,68,2,1,337,500,No,50,2,25
151,68,2,2,337,100,No,25,0.5,75
136,68,3,1,338,100,Yes,25,4,50
99,68,3,2,338,500,No,25,1,50
68,68,4,1,339,300,No,50,4,25
113,68,4,2,339,300,Yes,10,2,50
159,68,5,1,340,500,No,50,0.5,75
129,68,5,2,340,500,No,10,4,50
157,69,1,1,341,100,No,50,0.5,75
17,69,1,2,341,300,Yes,50,0.5,25
48,69,2,1,342,500,Yes,25,2,25
71,69,2,2,342,300,Yes,50,4,25
199,69,3,1,343,100,No,10,4,75
80,69,3,2,343,300,No,25,0.5,50
181,69,4,1,344,100,No,10,2,75
188,69,4,2,344,300,No,25,2,75
137,69,5,1,345,300,Yes,25,4,50
12,69,5,2,345,500,Yes,25,0.5,25
1,70,1,1,346,100,No,10,0.5,25
128,70,1,2,346,300,No,10,4,50
119,70,2,1,347,300,Yes,25,2,50
54,70,2,2,347,500,Yes,50,2,25
118,70,3,1,348,100,Yes,25,2,50
212,70,3,2,348,300,No,50,4,75
114,70,4,1,349,500,Yes,10,2,50
162,70,4,2,349,500,Yes,50,0.5,75
111,70,5,1,350,500,No,10,2,50
213,70,5,2,350,500,No,50,4,75
32,71,1,1,351,300,No,50,1,25
169,71,1,2,351,100,No,25,1,75
157,71,2,1,352,100,No,50,0.5,75
128,71,2,2,352,300,No,10,4,50
172,71,3,1,353,100,Yes,25,1,75
98,71,3,2,353,300,No,25,1,50
39,71,4,1,354,500,No,10,2,25
31,71,4,2,354,100,No,50,1,25
138,71,5,1,355,500,Yes,25,4,50
20,71,5,2,355,300,No,10,1,25
194,72,1,1,356,300,No,50,2,75
156,72,1,2,356,500,Yes,25,0.5,75
92,72,2,1,357,300,No,10,1,50
192,72,2,2,357,500,Yes,25,2,75
55,72,3,1,358,100,No,10,4,25
29,72,3,2,358,300,Yes,25,1,25
73,72,4,1,359,100,No,10,0.5,50
146,72,4,2,359,300,No,10,0.5,75
82,72,5,1,360,100,Yes,25,0.5,50
129,72,5,2,360,500,No,10,4,50
33,73,1,1,361,500,No,50,1,25
5,73,1,2,361,300,Yes,10,0.5,25
1,73,2,1,362,100,No,10,0.5,25
136,73,2,2,362,100,Yes,25,4,50
216,73,3,1,363,500,Yes,50,4,75
80,73,3,2,363,300,No,25,0.5,50
207,73,4,1,364,500,No,25,4,75
162,73,4,2,364,500,Yes,50,0.5,75
61,73,5,1,365,100,No,25,4,25
89,73,5,2,365,300,Yes,50,0.5,50
10,74,1,1,366,100,Yes,25,0.5,25
165,74,1,2,366,500,No,10,1,75
171,74,2,1,367,500,No,25,1,75
1,74,2,2,367,100,No,10,0.5,25
23,74,3,1,368,300,Yes,10,1,25
11,74,3,2,368,300,Yes,25,0.5,25
118,74,4,1,369,100,Yes,25,2,50
1,74,4,2,369,100,No,10,0.5,25
80,74,5,1,370,300,No,25,0.5,50
34,74,5,2,370,100,Yes,50,1,25
13,75,1,1,371,100,No,50,0.5,25
17,75,1,2,371,300,Yes,50,0.5,25
62,75,2,1,372,300,No,25,4,25
64,75,2,2,372,100,Yes,25,4,25
186,75,3,1,373,500,Yes,10,2,75
21,75,3,2,373,500,No,10,1,25
70,75,4,1,374,100,Yes,50,4,25
196,75,4,2,374,100,Yes,50,2,75
122,75,5,1,375,300,No,50,2,50
16,75,5,2,375,100,Yes,50,0.5,25
88,76,1,1,376,100,Yes,50,0.5,50
208,76,1,2,376,100,Yes,25,4,75
154,76,2,1,377,100,Yes,25,0.5,75
10,76,2,2,377,100,Yes,25,0.5,25
160,76,3,1,378,100,Yes,50,0.5,75
33,76,3,2,378,500,No,50,1,25
12,76,4,1,379,500,Yes,25,0.5,25
143,76,4,2,379,300,Yes,50,4,50
56,76,5,1,380,300,No,10,4,25
60,76,5,2,380,500,Yes,10,4,25
149,77,1,1,381,300,Yes,10,0.5,75
49,77,1,2,381,100,No,50,2,25
27,77,2,1,382,500,No,25,1,25
30,77,2,2,382,500,Yes,25,1,25
157,77,3,1,383,100,No,50,0.5,75
116,77,3,2,383,300,No,25,2,50
122,77,4,1,384,300,No,50,2,50
18,77,4,2,384,500,Yes,50,0.5,25
115,77,5,1,385,100,No,25,2,50
72,77,5,2,385,500,Yes,50,4,25
85,78,1,1,386,100,No,50,0.5,50
88,78,1,2,386,100,Yes,50,0.5,50
107,78,2,1,387,300,Yes,50,1,50
77,78,2,2,387,300,Yes,10,0.5,50
121,78,3,1,388,100,No,50,2,50
63,78,3,2,388,500,No,25,4,25
132,78,4,1,389,500,Yes,10,4,50
179,78,4,2,389,300,Yes,50,1,75
27,78,5,1,390,500,No,25,1,25
191,78,5,2,390,300,Yes,25,2,75
138,79,1,1,391,500,Yes,25,4,50
111,79,1,2,391,500,No,10,2,50
180,79,2,1,392,500,Yes,50,1,75
110,79,2,2,392,300,No,10,2,50
22,79,3,1,393,100,Yes,10,1,25
24,79,3,2,393,500,Yes,10,1,25
77,79,4,1,394,300,Yes,10,0.5,50
182,79,4,2,394,300,No,10,2,75
122,79,5,1,395,300,No,50,2,50
114,79,5,2,395,500,Yes,10,2,50
207,80,1,1,396,500,No,25,4,75
107,80,1,2,396,300,Yes,50,1,50
145,80,2,1,397,100,No,10,0.5,75
130,80,2,2,397,100,Yes,10,4,50
181,80,3,1,398,100,No,10,2,75
186,80,3,2,398,500,Yes,10,2,75
184,80,4,1,399,100,Yes,10,2,75
119,80,4,2,399,300,Yes,25,2,50
12,80,5,1,400,500,Yes,25,0.5,25
170,80,5,2,400,300,No,25,1,75
20,81,1,1,401,300,No,10,1,25
44,81,1,2,401,300,No,25,2,25
61,81,2,1,402,100,No,25,4,25
216,81,2,2,402,500,Yes,50,4,75
44,81,3,1,403,300,No,25,2,25
167,81,3,2,403,300,Yes,10,1,75
44,81,4,1,404,300,No,25,2,25
104,81,4,2,404,300,No,50,1,50
98,81,5,1,405,300,No,25,1,50
193,81,5,2,405,100,No,50,2,75
135,82,1,1,406,500,No,25,4,50
110,82,1,2,406,300,No,10,2,50
59,82,2,1,407,300,Yes,10,4,25
151,82,2,2,407,100,No,25,0.5,75
208,82,3,1,408,100,Yes,25,4,75
110,82,3,2,408,300,No,10,2,50
163,82,4,1,409,100,No,10,1,75
173,82,4,2,409,300,Yes,25,1,75
133,82,5,1,410,100,No,25,4,50
123,82,5,2,410,500,No,50,2,50
200,83,1,1,411,300,No,10,4,75
164,83,1,2,411,300,No,10,1,75
98,83,2,1,412,300,No,25,1,50
202,83,2,2,412,100,Yes,10,4,75
41,83,3,1,413,300,Yes,10,2,25
172,83,3,2,413,100,Yes,25,1,75
153,83,4,1,414,500,No,25,0.5,75
96,83,4,2,414,500,Yes,10,1,50
6,83,5,1,415,500,Yes,10,0.5,25
144,83,5,2,415,500,Yes,50,4,50
155,84,1,1,416,300,Yes,25,0.5,75
149,84,1,2,416,300,Yes,10,0.5,75
134,84,2,1,417,300,No,25,4,50
182,84,2,2,417,300,No,10,2,75
104,84,3,1,418,300,No,50,1,50
161,84,3,2,418,300,Yes,50,0.5,75
214,84,4,1,419,100,Yes,50,4,75
162,84,4,2,419,500,Yes,50,0.5,75
32,84,5,1,420,300,No,50,1,25
194,84,5,2,420,300,No,50,2,75
120,85,1,1,421,500,Yes,25,2,50
154,85,1,2,421,100,Yes,25,0.5,75
96,85,2,1,422,500,Yes,10,1,50
26,85,2,2,422,300,No,25,1,25
7,85,3,1,423,100,No,25,0.5,25
178,85,3,2,423,100,Yes,50,1,75
56,85,4,1,424,300,No,10,4,25
168,85,4,2,424,500,Yes,10,1,75
15,85,5,1,425,500,No,50,0.5,25
131,85,5,2,425,300,Yes,10,4,50
3,86,1,1,426,500,No,10,0.5,25
142,86,1,2,426,100,Yes,50,4,50
2,86,2,1,427,300,No,10,0.5,25
91,86,2,2,427,100,No,10,1,50
111,86,3,1,428,500,No,10,2,50
200,86,3,2,428,300,No,10,4,75
132,86,4,1,429,500,Yes,10,4,50
169,86,4,2,429,100,No,25,1,75
96,86,5,1,430,500,Yes,10,1,50
143,86,5,2,430,300,Yes,50,4,50
173,87,1,1,431,300,Yes,25,1,75
185,87,1,2,431,300,Yes,10,2,75
16,87,2,1,432,100,Yes,50,0.5,25
67,87,2,2,432,100,No,50,4,25
192,87,3,1,433,500,Yes,25,2,75
37,87,3,2,433,100,No,10,2,25
178,87,4,1,434,100,Yes,50,1,75
212,87,4,2,434,300,No,50,4,75
13,87,5,1,435,100,No,50,0.5,25
134,87,5,2,435,300,No,25,4,50
41,88,1,1,436,300,Yes,10,2,25
135,88,1,2,436,500,No,25,4,50
184,88,2,1,437,100,Yes,10,2,75
28,88,2,2,437,100,Yes,25,1,25
46,88,3,1,438,100,Yes,25,2,25
214,88,3,2,438,100,Yes,50,4,75
149,88,4,1,439,300,Yes,10,0.5,75
113,88,4,2,439,300,Yes,10,2,50
44,88,5,1,440,300,No,25,2,25
141,88,5,2,440,500,No,50,4,50
119,89,1,1,441,300,Yes,25,2,50
183,89,1,2,441,500,No,10,2,75
70,89,2,1,442,100,Yes,50,4,25
214,89,2,2,442,100,Yes,50,4,75
103,89,3,1,443,100,No,50,1,50
76,89,3,2,443,100,Yes,10,0.5,50
32,89,4,1,444,300,No,50,1,25
45,89,4,2,444,500,No,25,2,25
156,89,5,1,445,500,Yes,25,0.5,75
151,89,5,2,445,100,No,25,0.5,75
58,90,1,1,446,100,Yes,10,4,25
144,90,1,2,446,500,Yes,50,4,50
4,90,2,1,447,100,Yes,10,0.5,25
170,90,2,2,447,300,No,25,1,75
200,90,3,1,448,300,No,10,4,75
116,90,3,2,448,300,No,25,2,50
51,90,4,1,449,500,No,50,2,25
19,90,4,2,449,100,No,10,1,25
214,90,5,1,450,100,Yes,50,4,75
82,90,5,2,450,100,Yes,25,0.5,50
95,91,1,1,451,300,Yes,10,1,50
130,91,1,2,451,100,Yes,10,4,50
205,91,2,1,452,100,No,25,4,75
194,91,2,2,452,300,No,50,2,75
158,91,3,1,453,300,No,50,0.5,75
140,91,3,2,453,300,No,50,4,50
79,91,4,1,454,100,No,25,0.5,50
199,91,4,2,454,100,No,10,4,75
137,91,5,1,455,300,Yes,25,4,50
140,91,5,2,455,300,No,50,4,50
210,92,1,1,456,500,Yes,25,4,75
129,92,1,2,456,500,No,10,4,50
191,92,2,1,457,300,Yes,25,2,75
134,92,2,2,457,300,No,25,4,50
206,92,3,1,458,300,No,25,4,75
203,92,3,2,458,300,Yes,10,4,75
199,92,4,1,459,100,No,10,4,75
156,92,4,2,459,500,Yes,25,0.5,75
181,92,5,1,460,100,No,10,2,75
110,92,5,2,460,300,No,10,2,50
152,93,1,1,461,300,No,25,0.5,75
20,93,1,2,461,300,No,10,1,25
9,93,2,1,462,500,No,25,0.5,25
22,93,2,2,462,100,Yes,10,1,25
156,93,3,1,463,500,Yes,25,0.5,75
100,93,3,2,463,100,Yes,25,1,50
46,93,4,1,464,100,Yes,25,2,25
67,93,4,2,464,100,No,50,4,25
38,93,5,1,465,300,No,10,2,25
85,93,5,2,465,100,No,50,0.5,50
9,94,1,1,466,500,No,25,0.5,25
164,94,1,2,466,300,No,10,1,75
7,94,2,1,467,100,No,25,0.5,25
61,94,2,2,467,100,No,25,4,25
72,94,3,1,468,500,Yes,50,4,25
164,94,3,2,468,300,No,10,1,75
17,94,4,1,469,300,Yes,50,0.5,25
77,94,4,2,469,300,Yes,10,0.5,50
71,94,5,1,470,300,Yes,50,4,25
11,94,5,2,470,300,Yes,25,0.5,25
78,95,1,1,471,500,Yes,10,0.5,50
216,95,1,2,471,500,Yes,50,4,75
182,95,2,1,472,300,No,10,2,75
60,95,2,2,472,500,Yes,10,4,25
45,95,3,1,473,500,No,25,2,25
142,95,3,2,473,100,Yes,50,4,50
80,95,4,1,474,300,No,25,0.5,50
81,95,4,2,474,500,No,25,0.5,50
162,95,5,1,475,500,Yes,50,0.5,75
199,95,5,2,475,100,No,10,4,75
55,96,1,1,476,100,No,10,4,25
209,96,1,2,476,300,Yes,25,4,75
206,96,2,1,477,300,No,25,4,75
104,96,2,2,477,300,No,50,1,50
109,96,3,1,478,100,No,10,2,50
80,96,3,2,478,300,No,25,0.5,50
124,96,4,1,479,100,Yes,50,2,50
208,96,4,2,479,100,Yes,25,4,75
17,96,5,1,480,300,Yes,50,0.5,25
127,96,5,2,480,100,No,10,4,50
121,97,1,1,481,100,No,50,2,50
56,97,1,2,481,300,No,10,4,25
18,97,2,1,482,500,Yes,50,0.5,25
123,97,2,2,482,500,No,50,2,50
4,97,3,1,483,100,Yes,10,0.5,25
180,97,3,2,483,500,Yes,50,1,75
189,97,4,1,484,500,No,25,2,75
46,97,4,2,484,100,Yes,25,2,25
159,97,5,1,485,500,No,50,0.5,75
69,97,5,2,485,500,No,50,4,25
95,98,1,1,486,300,Yes,10,1,50
198,98,1,2,486,500,Yes,50,2,75
57,98,2,1,487,500,No,10,4,25
48,98,2,2,487,500,Yes,25,2,25
142,98,3,1,488,100,Yes,50,4,50
13,98,3,2,488,100,No,50,0.5,25
161,98,4,1,489,300,Yes,50,0.5,75
42,98,4,2,489,500,Yes,10,2,25
28,98,5,1,490,100,Yes,25,1,25
42,98,5,2,490,500,Yes,10,2,25
53,99,1,1,491,300,Yes,50,2,25
200,99,1,2,491,300,No,10,4,75
16,99,2,1,492,100,Yes,50,0.5,25
179,99,2,2,492,300,Yes,50,1,75
66,99,3,1,493,500,Yes,25,4,25
23,99,3,2,493,300,Yes,10,1,25
23,99,4,1,494,300,Yes,10,1,25
4,99,4,2,494,100,Yes,10,0.5,25
78,99,5,1,495,500,Yes,10,0.5,50
89,99,5,2,495,300,Yes,50,0.5,50
121,100,1,1,496,100,No,50,2,50
102,100,1,2,496,500,Yes,25,1,50
198,100,2,1,497,500,Yes,50,2,75
174,100,2,2,497,500,Yes,25,1,75
107,100,3,1,498,300,Yes,50,1,50
188,100,3,2,498,300,No,25,2,75
154,100,4,1,499,100,Yes,25,0.5,75
54,100,4,2,499,500,Yes,50,2,25
133,100,5,1,500,100,No,25,4,50
172,100,5,2,500,100,Yes,25,1,75
